STATE,ST_CASE,VE_TOTAL,VE_FORMS,PVH_INVL,PEDS,PERNOTMVIT,PERMVIT,PERSONS,COUNTY,CITY,DAY,MONTH,YEAR,DAY_WEEK,HOUR,MINUTE,NHS,RUR_URB,FUNC_SYS,RD_OWNER,ROUTE,TWAY_ID,TWAY_ID2,MILEPT,LATITUDE,LONGITUD,SP_JUR,HARM_EV,MAN_COLL,RELJCT1,RELJCT2,TYP_INT,WRK_ZONE,REL_ROAD,LGT_COND,WEATHER1,WEATHER2,WEATHER,SCH_BUS,RAIL,NOT_HOUR,NOT_MIN,ARR_HOUR,ARR_MIN,HOSP_HR,HOSP_MN,CF1,CF2,CF3,FATALS,DRUNK_DR
41,410271,1,1,0,0,0,2,2,41,0,12,7,2016,3,2,15,1,1,3,1,3,SR-18 (ODOT 39),,35,45.00663333,-123.917852780000,0,42,0,0,1,1,0,4,2,10,0,10,0,0000000,2,22,2,44,99,99,0,0,0,1,1
41,410272,2,2,0,0,0,2,2,3,0,2,8,2016,3,16,54,1,1,3,1,2,US-20 (ODOT 33),,430,44.60265556,-123.452030560000,0,12,2,0,1,1,0,1,1,1,0,1,0,0000000,16,54,17,5,99,99,0,0,0,1,0
41,410273,1,1,0,1,1,1,1,51,1650,29,8,2016,2,20,48,0,2,4,1,6,N GREELEY AVE,N BRYAN ST,0,45.57354722,-122.695497220000,0,8,0,0,3,2,0,1,3,1,0,1,0,0000000,20,48,20,53,21,14,0,0,0,1,0
41,410274,2,2,0,0,0,3,3,1,130,4,8,2016,5,11,50,0,2,5,4,6,2ND ST,A ST,0,44.78251667,-117.832036110000,0,12,6,0,2,2,0,1,1,1,0,1,0,0000000,11,50,11,52,12,13,0,0,0,1,0
41,410275,1,1,0,0,0,2,2,41,2160,7,8,2016,1,17,39,0,1,4,1,3,SR-34 (ODOT 27),,20,44.42183056,-124.045375000000,0,1,0,0,1,1,0,5,1,1,0,1,0,0000000,17,35,17,40,99,99,0,0,0,1,0
41,410276,4,4,0,0,0,11,11,43,0,14,8,2016,1,10,32,1,1,3,1,2,US-20 (ODOT 16),,90,44.61399444,-122.938991670000,0,12,2,0,1,1,0,1,1,1,0,1,0,0000000,10,40,10,47,11,36,14,0,0,1,0
41,410277,1,1,0,0,0,1,1,71,0,5,9,2016,2,19,8,0,1,4,1,3,SR-153 (ODOT 153),,80,45.11425833,-123.174144440000,0,34,0,0,1,1,0,4,1,1,0,1,0,0000000,21,8,21,15,88,88,0,0,0,1,1
41,410278,1,1,0,1,1,1,1,47,1810,6,9,2016,3,4,40,1,2,3,2,6,CR-CORDON RD NE,,35,44.95630000,-122.959272220000,0,8,0,0,1,1,0,1,2,10,0,10,0,0000000,4,53,4,59,88,88,0,0,0,1,0
41,410279,2,2,0,0,0,3,3,7,0,1,9,2016,5,8,15,1,1,3,1,2,US-30 (ODOT 92),,940,46.18571944,-123.751825000000,0,12,6,0,1,1,0,1,1,10,0,10,0,0000000,8,15,8,22,99,99,0,0,0,2,0
41,410280,2,2,0,0,0,2,2,39,0,6,9,2016,3,22,25,0,1,4,1,3,SR-222 (ODOT 222),CR-VALLEY RD,65,43.95805833,-122.909058330000,0,12,6,0,2,2,0,1,2,10,0,10,0,0000000,22,26,22,35,99,99,0,0,0,1,0
41,410281,1,1,0,0,0,1,1,67,0,7,9,2016,4,23,30,0,1,5,2,4,CR-NW PHILLIPS RD,,0,45.59210278,-122.910305560000,0,1,0,0,1,1,0,5,2,10,0,10,0,0000000,6,9,6,15,88,88,0,0,0,1,1
41,410282,1,1,0,0,0,1,1,7,1870,8,9,2016,5,17,4,1,2,3,1,2,US-101 (ODOT 9),,222,45.97776667,-123.927358330000,0,30,0,0,1,1,0,4,1,1,0,1,0,0000000,17,4,17,5,99,99,0,0,0,1,0
41,410283,1,1,0,1,1,1,1,5,0,9,9,2016,6,16,40,0,2,4,1,3,SR-244 (ODOT 171),,251,45.41967500,-122.572255560000,0,9,0,0,1,1,0,1,1,1,0,1,0,0000000,16,42,16,45,99,99,0,0,0,1,0
41,410284,1,1,0,0,0,1,1,29,0,10,9,2016,7,13,9,0,1,4,1,3,SR-62 (ODOT 22),,320,42.66954722,-122.642063890000,0,1,0,0,1,1,0,4,1,1,0,1,0,0000000,13,9,13,28,99,99,0,0,0,1,1
41,410285,1,1,0,0,0,2,2,29,0,13,9,2016,3,21,33,0,1,7,2,4,CR-ELKHORN RIDGE RD,,18,42.82116667,-122.680675000000,0,1,0,0,1,1,0,4,2,1,0,1,0,0000000,21,32,22,18,88,88,0,0,0,1,1
41,410286,2,2,0,0,0,2,2,47,0,13,9,2016,3,7,59,0,1,4,1,3,SR-99 (ODOT 81),,260,45.21851667,-122.762900000000,0,12,6,0,1,1,0,1,1,1,0,1,0,0000000,8,4,8,4,9,1,0,0,0,1,0
41,410287,2,2,0,0,0,2,2,37,0,14,9,2016,4,5,14,1,1,3,1,3,SR-140 (ODOT 431),,25,42.24978611,-120.322394440000,0,12,1,0,1,1,0,1,2,1,0,1,0,0000000,5,21,5,37,88,88,0,0,0,1,0
41,410288,2,2,0,0,0,5,5,53,0,15,9,2016,5,8,5,0,1,4,1,3,SR-99 (ODOT 91),CR-CLOW CORNER RD,600,44.89752500,-123.228563890000,0,12,6,0,2,2,0,1,1,1,0,1,0,0000000,8,7,8,11,9,8,0,0,0,1,0
41,410289,1,1,0,0,0,2,2,65,0,13,8,2016,7,22,44,0,1,5,2,4,CR-STATE RD,CR-DAVENPORT RD,0,45.67965278,-121.379083330000,0,42,0,0,3,3,0,4,2,98,0,98,0,0000000,22,57,23,42,0,41,0,0,0,1,1
41,410290,1,1,0,0,0,1,1,43,0,17,9,2016,7,16,8,1,1,3,1,3,SR-22 (ODOT 162),,750,44.51846111,-121.996927780000,0,42,0,0,1,1,0,4,1,2,0,2,0,0000000,16,9,16,45,88,88,0,0,0,1,0
41,410291,2,2,0,0,0,6,6,41,0,17,9,2016,7,18,39,1,1,3,1,3,SR-18 (ODOT 39),,15,45.02022500,-123.942969440000,0,12,6,0,1,1,0,1,1,10,0,10,0,0000000,18,40,18,45,99,99,0,0,0,2,0
41,410292,1,1,0,0,0,1,1,53,0,17,9,2016,7,21,57,1,1,3,1,3,SR-22 (ODOT 30),,140,44.95097778,-123.268558330000,0,34,0,0,1,1,0,4,2,2,0,2,0,0000000,21,58,22,5,88,88,0,0,0,1,0
41,410293,2,2,0,0,0,2,2,19,0,18,9,2016,1,4,15,1,2,1,1,1,I-5 RAMP,,1190,43.15192222,-123.367055560000,0,1,0,0,5,1,0,8,3,1,0,1,0,0000000,4,15,4,23,99,99,0,0,0,1,1
41,410294,2,2,0,0,0,2,2,47,1810,2,9,2016,6,7,33,1,2,3,4,6,CORDON RD SE,,0,44.90753611,-122.962500000000,0,12,2,0,1,1,0,1,1,1,0,1,0,0000000,7,33,8,33,8,42,0,0,0,1,0
41,410295,2,2,0,0,0,2,2,47,0,2,9,2016,6,13,0,0,1,4,1,4,CR-DELANEY RD SE,CR-PARRISH GAP RD SE,1,44.84131667,-122.993066670000,0,12,6,0,2,3,0,1,1,2,0,2,0,0000000,13,0,13,6,88,88,0,0,0,1,0
41,410296,1,1,0,0,0,4,4,29,0,3,9,2016,7,1,40,1,2,1,1,1,I-5 RAMP,,307,42.35274722,-122.877830560000,0,1,0,1,19,1,0,8,2,1,0,1,0,0000000,1,40,1,48,99,99,0,0,0,1,1
41,410297,1,1,0,1,1,4,4,67,180,3,9,2016,7,18,50,0,2,5,4,6,W BASELINE RD,,0,45.51224444,-122.847936110000,0,8,0,0,1,1,0,1,1,10,0,10,0,0000000,18,51,18,53,88,88,0,0,0,1,0
41,410298,1,1,0,0,0,1,1,61,0,4,9,2016,1,5,0,0,1,5,1,3,SR-237 (ODOT 66),,283,45.07006944,-117.881750000000,0,31,0,0,1,1,0,4,4,1,0,1,0,0000000,5,50,5,58,88,88,0,0,0,1,1
41,410299,1,1,0,1,1,2,2,51,1650,4,9,2016,1,21,20,1,2,3,4,6,SE DIVISION ST,,0,45.50408056,-122.536019440000,0,8,0,0,1,1,0,1,3,10,0,10,0,0000000,99,99,99,99,88,88,0,0,0,1,1
41,410300,1,1,0,0,0,1,1,59,0,24,9,2016,7,20,45,0,1,7,50,4,CR-MISSION RD,,45,45.66754722,-118.667936110000,0,1,0,0,1,1,0,4,2,1,0,1,0,0000000,99,99,99,99,88,88,0,0,0,1,1
41,410301,1,1,0,1,1,1,1,27,0,20,9,2016,3,14,14,0,1,5,2,4,CR-BARRETT DR,,9,45.67845278,-121.567211110000,0,8,0,0,1,1,0,1,1,1,0,1,0,0000000,14,15,14,18,99,99,0,0,0,1,1
41,410302,2,2,0,0,0,3,3,59,0,20,9,2016,3,19,48,0,1,5,2,4,CR-FEEDVILLE RD,CR-S EDWARDS RD,25,45.80585833,-119.204586110000,0,12,6,0,2,2,0,1,2,1,0,1,0,0000000,19,49,19,56,99,99,0,0,0,1,0
41,410303,2,2,0,0,0,3,3,71,0,21,9,2016,4,13,58,0,1,5,1,3,SR-99 (ODOT 91),,305,45.23580000,-123.070275000000,0,12,6,0,1,1,0,1,1,1,0,1,0,0000000,13,59,14,16,14,53,0,0,0,1,0
41,410304,1,1,0,0,0,1,1,33,0,10,8,2016,4,14,39,0,1,7,2,4,CR-PLACER RD,,3,42.63477222,-123.372272220000,0,42,0,0,1,1,0,4,1,1,0,1,0,0000000,14,39,14,56,88,88,0,0,0,1,0
41,410305,1,1,0,0,0,1,1,5,0,17,8,2016,4,20,4,0,1,6,2,4,CR-TEN EYCK ED,,0,45.42974167,-122.249955560000,0,42,0,0,1,1,0,4,2,1,0,1,0,0000000,20,4,20,19,88,88,0,0,0,1,0
41,410306,2,2,0,0,0,2,2,71,0,1,8,2016,2,9,23,1,1,3,1,3,SR-22 (ODOT 32),CR-SW GRAND RONDE RD,220,45.08001667,-123.611888890000,0,12,6,0,2,2,0,1,1,1,0,1,0,0000000,9,23,9,27,99,99,0,0,0,1,1
41,410307,1,1,0,1,1,1,1,33,860,21,9,2016,4,6,30,1,2,3,1,2,US-199 (ODOT 25),,23,42.41802778,-123.369772220000,0,8,0,0,1,1,0,1,2,1,0,1,0,0000000,6,33,6,39,88,88,0,0,0,1,0
41,410308,2,2,0,0,0,5,5,55,0,25,9,2016,1,17,30,1,1,3,1,2,US-97 (ODOT 42),,310,45.31576111,-120.768577780000,0,12,6,0,1,1,0,1,1,1,0,1,0,0000000,99,99,99,99,99,99,0,0,0,1,0
41,410309,2,2,0,0,0,2,2,5,0,26,9,2016,2,6,30,1,1,1,1,1,I-5,,2800,45.27066111,-122.777044440000,0,12,6,0,1,1,0,1,4,1,0,1,0,0000000,6,35,6,45,88,88,0,0,0,1,0
41,410310,1,1,0,1,1,1,1,51,880,30,9,2016,6,21,50,1,2,3,4,6,NE 181ST  AVE,NE WASCO ST,0,45.53171944,-122.477258330000,0,8,0,0,3,3,0,1,2,10,0,10,0,0000000,99,99,99,99,99,99,0,0,0,1,0
41,410311,2,2,0,0,0,3,3,5,0,26,9,2016,2,10,9,0,1,5,2,4,CR-S CENTRAL POINT RD,CR-S NEW ERA RD,0,45.29549167,-122.630144440000,0,12,6,0,2,2,0,1,1,1,0,1,0,0000000,10,9,10,20,99,99,0,0,0,1,0
41,410312,2,2,0,0,0,2,2,71,0,28,9,2016,4,6,12,0,1,5,1,3,SR-99 (ODOT 91),,202,45.31563333,-122.913344440000,0,12,1,0,1,1,0,1,2,1,0,1,0,0000000,6,13,6,19,88,88,0,0,0,1,0
41,410313,2,2,0,0,0,2,2,51,2090,29,9,2016,5,15,27,1,2,1,1,1,I-84 RAMP 002IR1,I-84 RAMP 002BK1,174,45.54438889,-122.390547220000,0,12,7,1,5,1,0,1,1,10,0,10,0,0000000,15,27,15,32,88,88,0,0,0,1,0
41,410314,2,2,0,0,0,2,2,59,0,30,9,2016,6,7,43,0,1,4,1,3,SR-207 (ODOT 320),CR-MADISON RD,170,45.71179167,-119.358022220000,0,12,2,0,2,3,0,1,1,1,0,1,0,0000000,7,43,7,55,99,99,0,0,0,1,0
41,410315,1,1,0,0,0,1,1,7,0,5,9,2016,2,20,53,1,1,3,1,2,US-26 (ODOT 47),,195,45.86630833,-123.594586110000,0,34,0,0,1,1,0,4,2,10,0,10,0,0000000,20,55,21,15,22,19,0,0,0,1,1
41,410316,1,1,0,0,0,2,2,45,0,18,9,2016,1,1,46,0,1,5,2,4,CR-LYTLE BLVD,,0,43.83907778,-117.112683330000,0,1,0,0,1,1,0,4,2,1,0,1,0,0000000,99,99,99,99,99,99,0,0,0,1,0
41,410317,1,1,0,0,0,1,1,61,0,19,9,2016,2,15,0,0,1,4,1,3,SR-82 (ODOT 10),,310,45.58494167,-117.734719440000,0,24,0,0,1,1,0,4,1,10,0,10,0,0000000,15,4,15,18,88,88,0,0,0,1,0
41,410318,1,1,0,0,0,1,1,45,0,22,9,2016,5,19,48,1,1,3,1,2,US-20 (ODOT 7),,2590,43.98868611,-117.026222220000,0,1,0,0,1,1,0,1,2,1,0,1,0,0000000,19,51,19,56,88,88,0,0,0,1,1
41,410319,1,1,0,0,0,2,2,59,0,23,9,2016,6,16,35,1,1,1,1,1,I-82,,30,45.84516667,-119.371466670000,0,1,0,0,1,1,0,3,1,1,0,1,0,0000000,16,35,16,42,99,99,0,0,0,1,1
41,410320,1,1,0,1,1,1,1,51,880,24,9,2016,7,3,19,0,2,4,4,6,NE GLISAN ST,,0,45.52635278,-122.457291670000,0,9,0,0,1,1,0,1,3,1,0,1,0,0000000,3,19,3,24,3,58,0,0,0,1,0
41,410321,1,1,0,0,0,1,1,39,0,26,9,2016,2,20,5,0,1,4,1,3,SR-58 (ODOT 18),,275,43.80278333,-122.561938890000,0,42,0,0,1,1,0,4,2,1,0,1,0,0000000,20,5,20,15,88,88,0,0,0,1,0
41,410322,2,2,0,0,0,2,2,67,0,30,9,2016,6,8,38,0,1,4,2,4,CR-SW SCHOLLS FERRY RD,,0,45.41272778,-122.922200000000,0,12,2,0,1,1,0,1,1,1,0,1,0,0000000,8,38,8,50,9,47,0,0,0,1,0
41,410323,2,2,0,0,0,2,2,43,0,30,9,2016,6,11,6,0,1,7,2,4,CR-GATES BRIDGE RD,,5,44.75202222,-122.408438890000,0,12,6,0,8,1,0,1,1,1,0,1,0,0000000,99,99,99,99,88,88,0,0,0,1,1
41,410324,1,1,0,0,0,1,1,5,0,7,4,2016,5,20,47,0,1,5,2,4,CR-SE BULL RUN RD,,16,45.43896667,-122.227766670000,0,42,0,0,1,1,0,4,2,98,0,98,0,0000000,99,99,99,99,99,99,0,0,0,1,0
41,410325,2,2,0,0,0,2,2,39,0,1,6,2016,4,0,3,1,1,3,1,3,SR-58 (ODOT 18),,420,43.72791944,-122.375547220000,0,12,2,0,1,1,0,1,2,1,0,1,0,0000000,0,12,0,28,88,88,0,0,0,1,0
41,410326,1,1,0,0,0,2,2,39,660,5,6,2016,1,1,15,0,2,4,4,6,JEFFERSTON ST,W 27TH AVE,0,44.02904167,-123.101286110000,0,33,0,0,3,3,0,4,3,1,0,1,0,0000000,1,15,1,25,99,99,0,0,0,2,1
41,410327,1,1,0,0,0,1,1,21,0,15,6,2016,4,6,15,0,1,4,1,3,SR-206 (ODOT 300),,260,45.36571389,-120.353694440000,0,1,0,0,1,1,0,1,1,98,0,98,0,0000000,6,19,6,53,88,88,0,0,0,1,0
41,410328,1,1,0,0,0,1,1,67,180,20,6,2016,2,11,45,0,2,4,4,6,NW 158TH AVE,NW WATERHOUSE AVE,0,45.52841667,-122.839741670000,0,30,0,0,3,2,0,4,1,1,0,1,0,0000000,99,99,99,99,88,88,0,0,0,1,0
41,410329,3,3,0,0,0,7,7,17,0,11,9,2016,1,9,30,1,1,3,1,2,US-20 (ODOT 17),,125,44.16200278,-121.361730560000,0,12,6,0,1,1,0,1,1,1,0,1,0,0000000,9,30,9,40,99,99,0,0,0,1,1
41,410330,1,1,0,0,0,3,3,35,0,27,9,2016,3,13,32,1,1,3,1,3,SR-140 (ODOT 20),,330,42.37141111,-121.382163890000,0,1,0,0,1,1,0,1,1,1,0,1,0,0000000,13,32,13,40,88,88,0,0,0,1,0
41,410331,1,1,0,0,0,2,2,39,0,28,9,2016,4,3,8,1,1,3,1,3,SR-126 (ODOT 15),,194,44.10381944,-122.686491670000,0,1,0,0,1,1,0,4,2,1,0,1,0,0000000,3,10,3,16,99,99,0,0,0,1,0
41,410332,1,1,0,0,0,1,1,39,0,29,9,2016,5,2,23,0,1,5,2,4,CR-LONDON RD,,8,43.75141944,-123.066313890000,0,1,0,0,1,1,0,4,2,1,0,1,0,0000000,2,46,2,59,88,88,0,0,0,1,1
41,410333,2,2,0,0,0,4,4,7,0,3,12,2016,7,19,30,1,1,3,1,2,US-26 (ODOT 47),,140,45.89780000,-123.679108330000,0,12,6,0,1,1,0,1,2,2,0,2,0,0000000,19,30,19,42,99,99,0,0,0,2,0
41,410334,1,1,0,1,1,1,1,29,1310,5,12,2016,2,19,4,1,2,3,1,3,SR-62 (ODOT 22),,6,42.35253611,-122.872977780000,0,8,0,0,1,1,0,1,3,10,0,10,0,0000000,19,4,19,10,88,88,0,0,0,1,0
41,410335,1,1,0,0,0,1,1,35,0,6,12,2016,3,4,15,1,1,3,1,3,SR-140 (ODOT 20),,290,42.30439444,-121.419536110000,0,1,0,0,1,1,0,4,2,4,0,4,0,0000000,4,17,4,25,88,88,0,0,0,1,0
41,410336,2,2,0,0,0,2,2,29,1310,7,8,2016,1,0,17,0,2,4,4,6,VILAS RD,TABLE ROCK RD,0,42.38933056,-122.885313890000,0,12,6,0,2,2,0,1,6,1,0,1,0,0000000,0,17,0,25,99,99,20,0,0,1,0
41,410337,1,1,0,0,0,2,2,19,0,29,9,2016,5,11,0,1,1,3,1,2,US-101 (ODOT 9),,2060,43.77152778,-124.142819440000,0,24,0,0,1,1,0,4,1,1,0,1,0,0000000,11,17,11,28,99,99,0,0,0,1,0
41,410338,2,2,0,0,0,2,2,13,0,21,11,2016,2,17,13,1,1,3,1,3,SR-126 (ODOT 41),,177,44.30162778,-120.862163890000,0,12,6,0,1,1,0,1,2,10,0,10,0,0000000,17,15,17,19,88,88,0,0,0,1,0
41,410339,1,1,0,1,1,1,1,51,880,28,11,2016,2,2,52,0,2,4,4,6,E POWELL BLVD,,0,45.49803611,-122.426872220000,0,8,0,0,1,1,0,1,2,2,0,2,0,0000000,99,99,99,99,99,99,0,0,0,1,0
41,410340,2,2,0,0,0,2,2,39,660,5,12,2016,2,10,10,0,2,5,4,6,W 1ST AVE,MADISON ST,0,44.05873889,-123.103338890000,0,12,6,0,2,2,0,1,1,1,0,1,0,0000000,10,9,10,16,99,99,0,0,0,1,0
41,410341,1,1,0,0,0,1,1,23,0,6,12,2016,3,9,40,1,1,3,1,2,US-395B (ODOT 28),,800,44.84917222,-119.072180560000,0,42,0,0,1,1,0,4,1,4,0,4,0,0000000,9,50,10,19,88,88,0,0,0,1,0
41,410342,1,1,0,0,0,1,1,29,0,7,12,2016,4,6,1,0,1,4,1,3,SR-62 (ODOT 22),,152,42.54624444,-122.810213890000,0,38,0,0,1,1,0,5,2,10,0,10,0,0000000,6,1,6,13,88,88,0,0,0,1,0
41,410343,1,1,0,1,1,1,1,51,1650,7,12,2016,4,18,55,1,2,3,4,6,SE DIVISION ST,,0,45.50435000,-122.503630560000,0,8,0,0,1,1,0,1,3,10,0,10,0,0000000,18,55,18,59,88,88,0,0,0,1,0
41,410344,1,1,0,1,1,2,2,51,1650,7,12,2016,4,21,2,1,2,3,4,6,SE DIVISION ST,SE 87TH AVE,0,45.50457222,-122.574252780000,0,8,0,0,3,3,0,1,3,1,0,1,0,0000000,99,99,99,99,88,88,0,0,0,1,0
41,410345,2,2,0,0,0,2,2,3,0,8,12,2016,5,8,15,0,1,4,1,3,SR-99W (ODOT 91),,770,44.66007222,-123.221394440000,0,12,6,0,1,1,0,1,1,3,0,3,0,0000000,8,17,8,28,88,88,0,0,0,1,0
41,410346,1,1,0,1,1,1,1,35,0,10,12,2016,7,17,23,1,1,3,1,3,SR-39 (ODOT 50),ROBERTA DR,40,42.13762778,-121.698336110000,0,8,0,0,3,3,0,1,2,10,0,10,0,0000000,17,23,17,26,99,99,0,0,0,1,0
41,410347,1,1,0,0,0,1,1,51,1650,10,12,2016,7,2,27,1,2,3,4,6,NE COLUMBIA BLVD,,0,45.56585000,-122.584391670000,0,33,0,0,1,1,0,4,2,4,0,4,0,0000000,2,27,2,32,88,88,0,0,0,1,1
41,410348,1,1,0,0,0,1,1,19,0,16,11,2016,4,99,99,0,1,7,68,8,BURMA RD BLM 32-4-20.1,,50,77.77770000,777.777700000000,0,42,0,0,1,1,0,4,2,10,0,10,0,0000000,88,88,88,88,88,88,0,0,0,1,0
41,410349,1,1,0,0,0,1,1,33,0,12,12,2016,2,13,15,1,1,1,1,1,I-5,,800,42.73855833,-123.369763890000,0,42,0,0,1,1,0,4,1,10,0,10,0,0000000,13,17,13,22,88,88,0,0,0,1,0
41,410350,1,1,0,0,0,1,1,39,0,1,10,2016,7,22,39,1,1,3,1,3,SR-58 (ODOT 58),,202,43.85698889,-122.672900000000,0,1,0,0,1,1,1,4,2,10,0,10,0,0000000,10,39,10,49,88,88,0,0,0,1,0
41,410351,2,2,0,0,0,2,2,35,0,12,12,2016,2,13,15,0,1,4,1,3,SR-31 (ODOT 19),CR-SUN FOREST DR,82,43.53578333,-121.463797220000,0,12,2,0,1,1,0,1,1,1,0,1,0,0000000,13,22,13,45,99,99,0,0,0,1,0
41,410352,1,1,0,1,1,1,1,51,880,5,10,2016,4,20,5,1,2,3,4,6,NE HOGAN DR,,0,45.51567500,-122.412483330000,0,8,0,0,1,1,0,1,3,2,0,2,0,0000000,88,88,88,88,88,88,0,0,0,1,0
41,410353,4,4,0,0,0,5,5,67,180,17,12,2016,7,1,4,1,2,3,1,2,US-26 (ODOT 47),,660,45.53058889,-122.837302780000,0,12,6,0,1,1,0,1,3,1,0,1,0,0000000,1,6,1,9,99,99,14,0,0,1,1
41,410354,2,2,0,0,0,5,5,47,2260,17,12,2016,7,11,30,1,2,1,1,1,I-5,I-5 RAMP,2718,45.15113611,-122.880863890000,0,12,6,1,3,3,0,1,1,10,0,10,0,0000000,11,38,11,42,99,99,0,0,0,2,0
41,410355,3,3,0,0,0,3,3,17,0,20,12,2016,3,18,30,1,1,3,1,2,US-97 (ODOT 4),,1265,44.20472222,-121.225727780000,0,12,6,0,1,1,0,1,2,10,0,10,0,0000000,18,31,18,39,99,99,0,0,0,1,0
41,410356,2,2,0,0,0,2,2,47,0,22,12,2016,5,6,32,1,1,3,1,3,SR-214 (ODOT 163),,190,44.87250833,-122.728644440000,0,12,6,0,1,1,0,1,2,10,0,10,0,0000000,6,32,6,41,88,88,0,0,0,1,0
41,410357,1,1,0,1,1,3,3,67,180,22,12,2016,5,17,17,0,2,4,4,6,SW ALLEN BLVD,,0,45.47648056,-122.819483330000,0,8,0,0,1,1,0,1,6,98,0,98,0,0000000,17,17,17,20,17,51,0,0,0,1,0
41,410358,1,1,0,0,0,2,2,39,660,22,12,2016,5,21,36,0,2,4,4,6,E 8TH AVE,,0,44.05102500,-123.086338890000,0,39,0,0,1,1,0,4,3,98,0,98,0,0000000,21,36,21,41,88,88,0,0,0,1,1
41,410359,2,2,0,0,0,2,2,17,0,23,12,2016,6,16,58,1,1,3,1,2,US-97 (ODOT 4),,1550,43.83492500,-121.423397220000,0,12,6,0,1,1,0,1,2,4,0,4,0,0000000,16,58,17,10,88,88,0,0,0,1,0