STATE,ST_CASE,VE_TOTAL,VE_FORMS,PVH_INVL,PEDS,PERNOTMVIT,PERMVIT,PERSONS,COUNTY,CITY,DAY,MONTH,YEAR,DAY_WEEK,HOUR,MINUTE,NHS,RUR_URB,FUNC_SYS,RD_OWNER,ROUTE,TWAY_ID,TWAY_ID2,MILEPT,LATITUDE,LONGITUD,SP_JUR,HARM_EV,MAN_COLL,RELJCT1,RELJCT2,TYP_INT,WRK_ZONE,REL_ROAD,LGT_COND,WEATHER1,WEATHER2,WEATHER,SCH_BUS,RAIL,NOT_HOUR,NOT_MIN,ARR_HOUR,ARR_MIN,HOSP_HR,HOSP_MN,CF1,CF2,CF3,FATALS,DRUNK_DR
41,410360,2,2,0,2,2,1,1,7,0,24,12,2016,7,10,9,1,1,3,1,2,US-30 (ODOT 92),,812,46.17516389,-123.537683330000,0,8,0,0,1,1,0,1,1,10,0,10,0,0000000,10,9,10,14,99,99,19,0,0,1,0
41,410361,2,2,0,0,0,3,3,51,1650,24,12,2016,7,14,14,1,2,3,4,6,NE MARTIN LUTHER KING JR BLVD,,0,45.55922222,-122.661480560000,0,12,1,0,1,1,0,1,1,98,0,98,0,0000000,99,99,99,99,99,99,0,0,0,1,0
41,410362,1,1,0,0,0,2,2,17,0,6,10,2016,5,0,9,1,1,3,1,2,US-97 (ODOT 4),,680,43.62120000,-120.176600000000,0,1,0,0,1,1,0,4,2,1,0,1,0,0000000,0,9,1,20,99,99,0,0,0,1,0
41,410363,1,1,0,0,0,1,1,9,0,9,10,2016,1,20,37,0,1,6,2,4,CR-CEDAR GROVE RD,,28,46.07135556,-123.094369440000,0,42,0,0,1,1,0,4,9,98,0,98,0,0000000,99,99,99,99,88,88,0,0,0,1,1
41,410364,1,1,0,0,0,1,1,59,0,12,10,2016,4,17,30,0,1,7,50,8,CR-RIVER RD,,0,45.67607778,-118.578986110000,3,10,0,0,6,1,0,1,2,98,0,98,0,809044P,99,99,99,99,88,88,0,0,0,1,0
41,410365,2,2,0,0,0,2,2,49,0,24,10,2016,2,19,39,1,1,1,1,1,I-84,,1670,45.83790833,-119.648216670000,0,12,2,0,1,1,0,1,2,2,0,2,0,0000000,19,38,19,52,88,88,0,0,0,2,0
41,410366,1,1,0,0,0,3,3,31,0,23,10,2016,1,9,22,1,1,3,1,2,US-26 (ODOT 360),,116,44.46236944,-121.036547220000,0,1,0,0,1,1,0,4,1,10,0,10,0,0000000,9,25,9,37,99,99,0,0,0,1,0
41,410367,1,1,0,1,1,4,4,29,1878,28,10,2016,6,19,8,0,1,4,1,3,SR-62 (ODOT 22),,209,42.62740833,-122.807147220000,0,8,0,0,1,1,0,1,2,98,0,98,0,0000000,19,8,19,25,88,88,0,0,0,1,0
41,410368,2,2,0,0,0,3,3,57,2070,5,10,2016,4,9,12,1,2,3,1,2,US-101 (ODOT 9),WILSON RIVER LP,646,45.47333889,-123.844241670000,0,12,6,0,2,2,0,1,1,2,0,2,0,0000000,99,99,99,99,99,99,0,0,0,1,0
41,410369,1,1,0,0,0,4,4,39,0,11,10,2016,3,8,54,0,1,5,2,4,CR-COTTAGE GROVE-LARANE HWY,,70,43.84040556,-123.160000000000,0,1,0,0,1,1,0,4,1,10,0,10,0,0000000,8,42,8,59,9,53,0,0,0,1,0
41,410370,1,1,0,0,0,1,1,59,0,11,10,2016,3,16,27,0,1,6,2,4,CR-TIGER CANYON RD,,30,45.97956667,-118.046150000000,0,35,0,0,1,1,0,4,1,1,0,1,0,0000000,16,27,16,55,88,88,0,0,0,1,1
41,410371,2,2,0,0,0,3,3,11,0,12,10,2016,4,16,42,1,1,3,1,3,SR-42 (ODOT 35),CR-KING CREEK RD,292,43.03495278,-124.029105560000,0,12,8,0,3,3,0,1,1,10,0,10,0,0000000,16,45,16,55,99,99,0,0,0,1,0
41,410372,1,1,0,0,0,4,4,19,0,12,10,2016,4,1,45,1,1,1,1,1,I-5,,1170,43.11063056,-123.354572220000,0,24,0,0,1,1,0,4,2,1,0,1,0,0000000,1,57,2,8,2,46,0,0,0,1,0
41,410373,1,1,0,1,1,2,2,47,0,13,10,2016,5,6,18,0,1,6,2,4,CR-SHAFF RD SE,,21,44.80967222,-122.837016670000,0,9,0,0,1,1,0,1,2,2,5,2,0,0000000,6,20,6,23,88,88,0,0,0,1,0
41,410374,2,2,0,0,0,4,4,51,1650,13,10,2016,5,21,0,1,2,3,4,6,SE 139TH AVE,SE DIVISION ST,0,45.50407778,-122.520938890000,0,12,6,0,2,3,0,1,2,10,2,2,0,0000000,99,99,99,99,99,99,0,0,0,1,0
41,410375,1,1,0,0,0,1,1,51,1650,17,10,2016,2,0,35,0,2,5,4,6,SE HOLGATE BLVD,,0,45.48968889,-122.541180560000,0,42,0,0,1,1,0,4,3,10,2,2,0,0000000,99,99,99,99,88,88,0,0,0,1,1
41,410376,2,2,0,0,0,3,3,19,0,17,10,2016,2,17,50,0,1,6,2,4,CR-LOOKINGGLASS RD,,32,43.19409444,-123.415694440000,0,12,8,0,1,1,0,1,2,2,0,2,0,0000000,99,99,99,99,88,88,0,0,0,1,0
41,410377,1,1,0,0,0,5,5,67,0,19,10,2016,4,13,53,0,1,7,2,4,CR-CEDAR CANYON RD,,0,45.61818333,-123.134175000000,0,59,0,0,1,1,0,4,1,10,0,10,0,0000000,13,55,14,6,99,99,0,0,0,1,0
41,410378,1,1,0,0,0,2,2,13,0,20,10,2016,5,22,42,0,1,7,2,4,CR-DAVIS LOOP,,90,44.18865556,-120.764194440000,0,42,0,0,1,1,0,4,2,1,0,1,0,0000000,22,46,23,5,88,88,0,0,0,1,1
41,410379,1,1,0,0,0,1,1,39,0,21,10,2016,6,22,42,1,2,1,1,1,I-5 RAMP,,1990,44.13678889,-123.051630560000,0,1,0,1,20,1,0,1,3,1,0,1,0,0000000,22,39,22,47,23,8,0,0,0,1,1
41,410380,2,2,0,0,0,5,5,5,0,22,10,2016,7,21,16,1,1,3,1,3,SR-211 (ODOT 161),,180,45.16920556,-122.475983330000,0,12,6,0,1,1,0,1,2,10,0,10,0,0000000,21,26,21,42,22,13,0,0,0,3,1
41,410381,1,1,0,1,1,1,1,17,190,22,10,2016,7,19,39,1,2,3,1,2,US-97 (ODOT 3),PINEBROOK BLVD,1405,44.02152778,-121.316013890000,0,8,0,0,3,3,0,1,2,10,0,10,0,0000000,99,99,99,99,88,88,0,0,0,1,0
41,410382,1,1,0,1,1,1,1,29,0,25,10,2016,3,18,44,0,1,7,2,6,CR-W LINN RD,,13,42.47224722,-122.831688890000,0,8,0,0,1,1,0,1,2,2,0,2,0,0000000,99,99,99,99,88,88,0,0,0,1,0
41,410383,2,2,0,0,0,2,2,39,0,26,10,2016,4,13,55,1,1,3,1,2,US-101 (ODOT 9),SUTTON LAKE RD,1850,44.05132778,-124.097941670000,0,12,6,0,2,3,0,1,1,2,0,2,0,0000000,99,99,99,99,88,88,0,0,0,1,0
41,410384,1,1,0,1,1,2,2,29,0,27,10,2016,5,20,46,0,1,4,1,3,SR-99 (ODOT 63),,109,42.28248611,-122.826205560000,0,8,0,0,1,1,0,1,1,10,0,10,0,0000000,8,36,8,39,99,99,0,0,0,1,0
41,410385,1,1,0,1,1,1,1,3,420,28,10,2016,6,20,11,1,2,3,1,3,SR-99 (ODOT 91),,849,44.54480833,-123.265916670000,0,8,0,0,1,1,0,1,2,1,0,1,0,0000000,99,99,99,99,88,88,0,0,0,1,0
41,410386,1,1,0,1,1,1,1,51,1650,29,10,2016,7,11,23,1,2,3,1,2,US-30B (ODOT 123),NW BRIDGE AVE,9,45.58329167,-122.768961110000,0,9,0,0,2,3,0,1,1,10,0,10,0,0000000,99,99,99,99,88,88,0,0,0,1,0
41,410387,1,1,0,1,1,1,1,5,1360,29,10,2016,7,20,15,1,2,3,1,3,SR-99 (ODOT 81),,70,45.42689722,-122.633744440000,0,15,0,0,1,1,0,1,2,1,0,1,0,0000000,8,15,8,20,88,88,0,0,0,1,0
41,410388,1,1,0,0,0,2,2,3,420,30,10,2016,1,2,22,0,2,4,2,4,CR-NW HIGHLAND DR,,8,44.61685556,-123.261888890000,0,38,0,0,1,1,0,5,2,1,0,1,0,0000000,2,24,2,30,99,99,0,0,0,1,1
41,410389,2,2,0,0,0,3,3,29,0,3,11,2016,5,18,31,0,2,7,2,7,CR-OLD STAGE RD,,419,42.42974444,-123.060930560000,0,12,1,0,1,1,0,1,2,10,0,10,0,0000000,18,31,18,41,88,88,0,0,0,1,0
41,410390,1,1,0,1,1,4,4,1,0,6,11,2016,1,22,3,1,1,1,1,1,I-84,,2885,44.98804444,-117.895597220000,0,8,0,0,1,1,0,1,3,1,0,1,0,0000000,22,3,22,25,88,88,0,0,0,1,0
41,410391,1,1,0,1,1,1,1,51,1650,11,11,2016,6,21,17,1,2,3,1,2,US-26 (ODOT 47),SW VISTA AVE,730,45.51600000,-122.696413890000,0,8,0,0,1,1,0,1,3,10,0,10,0,0000000,99,99,99,99,88,88,0,0,0,1,0
41,410392,2,2,0,0,0,4,4,45,0,13,11,2016,1,18,27,1,1,3,1,2,US-95 (ODOT 456),,920,42.40298611,-117.858766670000,0,12,2,0,1,1,0,1,2,10,0,10,0,0000000,18,32,19,37,99,99,0,0,0,2,1
41,410393,1,1,0,1,1,1,1,33,310,14,11,2016,2,19,13,0,2,7,4,6,SCHUMACHER ST,S BOUNDARY ST,0,42.16577222,-123.651408330000,0,8,0,0,2,3,0,1,9,99,0,99,0,0000000,19,13,19,16,99,99,0,0,0,1,0
41,410394,3,3,0,0,0,3,3,5,0,14,11,2016,2,17,1,0,2,4,2,4,CR-S REDLAND RD,,0,45.35490833,-122.559394440000,0,12,2,0,1,1,0,1,2,2,0,2,0,0000000,17,2,17,8,99,99,14,0,0,1,0
41,410395,1,1,0,0,0,1,1,53,0,16,11,2016,4,23,0,0,1,5,2,4,CR-ORCHARD HEIGHTS RD NW,,38,44.96645278,-123.140663890000,0,42,0,0,1,1,0,4,2,10,0,10,0,0000000,23,43,23,50,88,88,0,0,0,1,1
41,410396,1,1,0,0,0,2,2,29,0,16,11,2016,4,7,39,0,2,7,2,4,CR-GALLS CREEK RD,,410,42.43109444,-123.068388890000,0,42,0,0,1,1,0,4,1,10,0,10,0,0000000,99,99,99,99,99,99,0,0,0,1,0
41,410397,2,2,0,0,0,2,2,53,480,16,11,2016,4,3,13,0,2,3,1,3,SR-223 (ODOT 191),,19,44.92957222,-123.310752780000,0,12,2,0,1,1,0,1,2,2,0,2,0,0000000,3,14,3,16,88,88,0,0,0,1,0
41,410398,3,3,0,0,0,3,3,43,0,18,11,2016,6,6,9,1,1,3,1,3,SR-34 (ODOT 210),,20,44.56403056,-123.220677780000,0,12,6,0,1,1,0,1,2,10,0,10,0,0000000,6,9,6,16,88,88,0,0,0,1,0
41,410399,2,2,0,0,0,3,3,71,0,18,11,2016,6,8,40,0,1,4,1,3,SR-99 (ODOT 223),,425,45.14000000,-123.202100000000,0,12,6,0,1,1,0,1,1,10,0,10,0,0000000,8,42,8,49,9,6,0,0,0,1,0
41,410400,2,2,0,0,0,3,3,67,2100,18,11,2016,6,1,45,1,2,1,1,1,I-5,,2890,45.37460278,-122.755463890000,0,12,6,0,1,1,0,1,3,10,0,10,0,0000000,99,99,99,99,88,88,0,0,0,2,0
41,410401,1,1,0,1,1,2,2,47,0,18,11,2016,6,20,20,1,1,1,1,1,I-5,,2810,45.27013889,-122.777763890000,0,8,0,0,1,1,0,1,2,10,0,10,0,0000000,20,34,20,47,21,15,19,23,0,1,0
41,410402,2,1,1,0,0,1,1,19,2020,19,11,2016,7,19,50,1,2,1,1,1,I-5,,1360,43.37856667,-123.337991670000,0,38,0,0,1,1,0,4,2,1,0,1,0,0000000,19,53,19,57,99,99,0,0,0,1,0
41,410403,1,1,0,0,0,2,2,35,0,20,11,2016,1,15,30,0,1,7,64,8,USFS 3673-112,,0,42.33556111,-121.364400000000,0,1,0,0,1,1,0,4,1,2,0,2,0,0000000,15,30,15,46,99,99,0,0,0,1,1
41,410404,1,1,0,0,0,1,1,5,0,20,11,2016,1,21,0,0,1,5,2,4,CR-SE TRUBEL RD,CR-SE FIRWOOD RD,0,45.37494722,-122.224658330000,0,42,0,0,3,3,0,4,2,2,0,2,0,0000000,21,50,21,55,88,88,0,0,0,1,1
41,410405,1,1,0,0,0,1,1,33,0,21,11,2016,2,23,40,1,1,1,1,1,I-5,,525,42.42713056,-123.234947220000,0,1,0,0,1,1,0,3,2,10,0,10,0,0000000,23,42,23,52,0,37,0,0,0,1,0
41,410406,1,1,0,0,0,5,5,51,1650,25,12,2016,1,1,52,0,2,5,4,6,SE MOUNT SCOTT BLVD,,0,45.46544722,-122.558508330000,0,42,0,0,1,1,0,4,3,5,0,5,0,0000000,1,52,1,58,99,99,0,0,0,1,0
41,410407,2,1,1,4,5,1,2,29,0,21,11,2016,2,20,9,1,1,3,1,3,SR-140 (ODOT 270),,315,42.39776667,-122.309461110000,0,14,0,0,1,1,0,2,2,10,0,10,0,0000000,20,9,20,40,99,99,15,23,0,1,0
41,410408,1,1,0,1,1,1,1,67,2065,22,11,2016,3,18,25,0,2,4,1,3,SR-99 (ODOT 91),,76,45.44198889,-122.747200000000,0,8,0,0,1,1,0,1,2,2,0,2,0,0000000,18,31,99,99,99,99,0,0,0,1,0
41,410409,1,1,0,1,1,1,1,39,660,22,11,2016,3,18,21,1,2,3,4,6,RIVER RD,,0,44.07055000,-123.118380560000,0,8,0,0,1,1,0,1,3,2,0,2,0,0000000,18,21,18,25,88,88,0,0,0,1,0
41,410410,2,2,0,0,0,2,2,39,660,22,11,2016,3,19,53,1,2,3,1,6,RIVER RD,DIVISION AVE,0,44.09892500,-123.129416670000,0,12,2,0,2,2,0,1,3,2,0,2,0,0000000,19,53,19,57,20,13,0,0,0,1,0
41,410411,2,2,0,1,1,2,2,33,0,23,11,2016,4,20,30,1,1,3,1,2,US-199 (ODOT 25),,50,42.42302500,-123.343033330000,0,8,0,0,1,1,0,1,2,1,0,1,0,0000000,20,27,20,35,88,88,0,0,0,1,0
41,410412,1,1,0,0,0,1,1,17,0,24,11,2016,5,16,13,0,1,6,2,4,CR-INNES MARKET RD,,20,44.20102500,-121.362886110000,0,42,0,0,1,1,0,4,5,1,0,1,0,0000000,16,13,16,25,88,88,0,0,0,1,1
41,410413,1,1,0,1,1,1,1,51,1650,25,11,2016,6,17,40,0,2,4,4,6,SE 160TH AVE,SE STARK ST,0,45.51915000,-122.499052780000,0,8,0,0,2,2,0,1,3,10,0,10,0,0000000,17,40,17,42,99,99,0,0,0,1,0
41,410414,2,2,0,0,0,3,3,53,0,26,11,2016,7,18,9,0,1,4,1,3,SR-99 (ODOT 91),CR-SUVER RD,707,44.74407500,-123.223061110000,0,12,6,0,2,2,0,1,2,10,0,10,0,0000000,18,9,18,14,99,99,0,0,0,1,0
41,410415,2,2,0,0,0,2,2,5,485,26,11,2016,7,17,50,1,2,3,1,3,SR-212 (ODOT 174),,15,45.41077778,-122.476016670000,0,12,6,0,1,1,0,1,2,2,0,2,0,0000000,17,50,18,2,88,88,0,0,0,1,0
41,410416,1,1,0,0,0,1,1,5,0,26,11,2016,7,23,5,0,1,4,1,3,SR-211 (ODOT 172),,6,45.36510278,-122.346355560000,0,30,0,0,1,1,0,4,2,2,0,2,0,0000000,23,5,23,15,88,88,20,0,0,1,1
41,410417,1,1,0,0,0,1,1,11,0,27,11,2016,1,99,99,0,1,6,2,4,CR-OLD WAGON RD,,20,43.33315278,-124.187363890000,0,35,0,0,1,1,0,4,2,2,0,2,0,0000000,6,29,6,31,88,88,0,0,0,1,1
41,410418,2,2,0,0,0,2,2,51,1650,30,11,2016,4,5,20,0,2,5,4,6,N BASIN AVE,,0,45.56284167,-122.705463890000,0,12,6,0,1,1,0,1,3,2,0,2,0,0000000,5,28,5,33,88,88,0,0,0,1,1
41,410419,1,1,0,1,1,1,1,17,190,30,11,2016,4,6,39,1,2,3,1,2,US-97 (ODOT 4),,1320,44.11577778,-121.290986110000,0,8,0,0,1,1,0,1,2,1,0,1,0,0000000,6,40,6,48,88,88,0,0,0,1,0
41,410420,1,1,0,0,0,1,1,11,0,13,7,2016,4,99,99,0,1,5,2,4,CR-SITKUM LN,,235,43.13895000,-124.003619440000,0,42,0,0,1,1,0,4,9,98,0,98,0,0000000,18,43,19,8,88,88,0,0,0,1,0
41,410421,1,1,0,0,0,4,4,45,0,2,11,2016,4,7,55,1,1,3,1,3,SR-78 (ODOT 442),,718,43.00833056,-118.090733330000,0,1,0,0,1,1,0,1,1,98,0,98,0,0000000,7,58,99,99,99,99,0,0,0,1,0
41,410422,1,1,0,1,1,1,1,35,1170,6,11,2016,1,17,31,0,2,4,4,6,SHASTA WAY,,0,42.21383889,-121.755622220000,0,8,0,0,1,1,0,4,8,98,0,98,0,0000000,17,31,99,99,99,99,0,0,0,1,0
41,410423,1,1,0,1,1,1,1,5,0,10,8,2016,4,22,50,1,2,3,1,3,SR-213 (ODOT 68),SE 82ND AVE,73,45.45424722,-122.579158330000,0,8,0,0,3,3,0,1,2,98,0,98,0,0000000,22,53,22,57,88,88,0,0,0,1,0
41,410424,2,2,0,0,0,4,4,41,0,11,11,2016,6,19,10,1,1,3,1,2,US-20 (ODOT 33),CR-PIONEER TRAIL RD,80,44.65172222,-123.917366670000,0,12,6,0,2,3,0,1,1,2,0,2,0,0000000,19,10,19,18,99,99,0,0,0,1,0
41,410425,1,1,0,0,0,1,1,3,0,14,12,2016,4,12,48,0,1,5,2,4,CR-SPRINGHILL DR,,50,44.69192500,-123.135913890000,0,35,0,0,1,1,0,4,1,4,0,4,0,0000000,12,51,99,99,99,99,0,0,0,1,0
41,410426,3,3,0,0,0,9,9,31,0,19,12,2016,2,18,34,1,1,3,1,2,US-97 (ODOT 4),,1020,44.54322222,-121.101063890000,0,12,6,0,1,1,0,1,2,10,0,10,0,0000000,99,99,99,99,99,99,0,0,0,2,0
41,410427,1,1,0,0,0,1,1,67,0,20,12,2016,3,99,99,0,1,5,2,4,CR-NW STOREY BURN RD,,15,45.63522778,-123.358891670000,0,34,0,0,1,1,0,4,9,10,2,2,0,0000000,99,99,99,99,88,88,0,0,0,1,0
41,410428,1,1,0,0,0,1,1,33,0,29,9,2016,5,23,35,0,1,6,2,4,CR-ROCKYDALE RD,CR-WALDO RD,0,42.06466111,-123.627500000000,0,42,0,0,3,3,0,4,2,1,0,1,0,0000000,23,35,23,54,88,88,0,0,0,1,1
41,410429,1,1,0,0,0,1,1,7,0,30,9,2016,6,16,39,1,1,3,1,3,SR-53 (ODOT 18),,10,45.88872778,-123.758822220000,0,1,0,0,1,1,0,1,1,1,0,1,0,0000000,16,39,16,48,88,88,0,0,0,1,1
41,410430,2,2,0,1,1,4,4,41,1225,2,12,2016,6,21,5,1,2,3,1,2,US-101 (ODOT 9),NW 26TH ST,1136,44.98406389,-124.007252780000,0,8,0,0,3,3,0,1,3,10,0,10,0,0000000,21,5,99,99,88,88,0,0,0,1,0
41,410431,1,1,0,0,0,2,2,51,1650,26,12,2016,2,21,55,1,2,1,1,1,I-405 RAMP,,43,45.54691389,-122.669466670000,0,25,0,0,1,1,0,3,3,10,0,10,0,0000000,99,99,99,99,99,99,0,0,0,1,0
41,410432,2,2,0,0,0,2,2,5,0,26,12,2016,2,9,15,0,1,4,2,4,CR-S REDLAND RD,CR-S FISCHERS MILL RD,70,45.34353056,-122.492691670000,0,12,6,0,2,3,0,1,1,1,0,1,0,0000000,99,99,99,99,88,88,0,0,0,1,0
41,410433,1,1,0,1,1,1,1,17,0,27,12,2016,3,20,50,1,1,3,1,3,SR-126 (ODOT 41),,29,44.26208889,-121.142266670000,0,8,0,0,1,1,0,1,2,1,0,1,0,0000000,20,55,21,3,88,88,0,0,0,1,0
41,410434,1,1,0,1,1,1,1,51,880,27,12,2016,3,17,30,0,2,5,4,6,NE 5TH ST,NE KELLY AVE,0,45.50100833,-122.425850000000,0,8,0,0,3,2,0,1,3,1,0,1,0,0000000,17,34,17,39,99,99,0,0,0,1,0
41,410435,1,1,0,0,0,3,3,39,0,28,12,2016,4,19,32,1,1,3,1,3,SR-58 (ODOT 18),,80,43.94008056,-122.860288890000,0,42,0,0,1,1,0,4,2,1,0,1,0,0000000,19,32,19,40,99,99,0,0,0,1,0
41,410436,2,2,0,0,0,3,3,35,0,31,7,2016,1,10,22,1,1,3,1,2,US-97 (ODOT 4),,2140,43.07751389,-121.825097220000,0,12,2,0,1,1,0,1,1,1,0,1,0,0000000,10,23,10,33,99,99,0,0,0,1,0
41,410437,1,1,0,0,0,3,3,25,0,17,11,2016,5,19,0,0,1,4,1,3,SR-78 (ODOT 442),,180,43.44157500,-118.790388890000,0,1,0,0,1,1,0,1,2,1,0,1,0,0000000,19,2,19,21,99,99,0,0,0,1,0
41,410438,1,1,0,0,0,1,1,27,0,8,12,2016,5,14,5,1,1,1,1,1,I-84,,425,45.66588333,-121.890505560000,0,25,0,0,1,1,0,4,1,4,0,4,0,0000000,14,7,14,30,88,88,0,0,0,1,0
41,410439,2,2,0,0,0,4,4,17,1720,29,12,2016,5,12,5,1,2,3,1,3,SR-126 (ODOT 15),SW 35TH ST,1104,44.26921389,-121.209350000000,0,12,6,0,2,2,0,1,1,1,0,1,0,0000000,12,8,12,16,99,99,0,0,0,1,0
41,410440,1,1,0,1,1,1,1,51,880,31,12,2016,7,19,51,0,2,5,4,6,SE 190TH AVE,SE DIVISION ST,0,45.50450556,-122.467866670000,0,8,0,0,3,2,0,1,3,10,2,2,0,0000000,99,99,99,99,88,88,0,0,0,1,0
41,410441,1,1,0,1,1,1,1,41,0,20,12,2016,3,19,40,1,1,3,1,2,US-101 (ODOT 9),,1640,44.31756667,-124.103894440000,0,8,0,0,1,1,0,1,2,1,0,1,0,0000000,19,41,19,45,88,88,0,0,0,1,0
41,410442,1,1,0,1,1,1,1,33,0,1,9,2016,5,12,45,1,1,3,1,2,US-199 (ODOT 25),,200,42.28056667,-123.615561110000,0,9,0,0,1,1,0,1,1,98,0,98,0,0000000,12,45,12,55,88,88,0,0,0,1,0
41,410443,2,2,0,0,0,2,2,5,0,23,9,2016,6,10,17,0,1,4,1,3,SR-211 (ODOT 161),CR-KROPF RD,75,45.15099167,-122.681400000000,0,12,6,0,2,2,0,1,1,98,0,98,0,0000000,10,13,10,21,88,88,0,0,0,1,0
41,410444,1,1,0,1,1,1,1,47,0,8,11,2016,3,4,0,1,1,1,1,1,I-5,,2690,45.12428611,-122.907680560000,0,8,0,0,1,1,0,1,2,98,0,98,0,0000000,10,32,99,99,88,88,0,0,0,1,0
41,410445,2,2,0,0,0,2,2,11,0,18,11,2016,6,18,36,1,1,3,1,3,SR-42 (ODOT 35),,292,43.03453611,-124.027813890000,0,12,2,0,1,1,0,1,2,98,0,98,0,0000000,18,36,18,36,99,99,0,0,0,1,0
41,410446,3,3,0,1,1,3,3,17,190,21,12,2016,4,18,35,1,2,3,1,2,US-97 (ODOT 4),,198,44.08256111,-121.301297220000,0,8,0,0,1,1,0,1,3,98,0,98,0,0000000,18,36,18,43,88,88,0,0,0,1,0
41,410447,3,3,0,0,0,6,6,65,0,26,12,2016,2,16,5,1,1,3,1,2,US-97 (ODOT 4),,860,45.57888611,-120.703555560000,0,12,1,0,1,1,0,1,1,98,0,98,0,0000000,16,6,99,99,99,99,0,0,0,3,0